GivenName,Username,Password
Medoro,Seellive,eiyiic8Doo
Eglantine,Wishave,laesaiJ8gu
Lirienne,Thishatthe1965,nay2uwaDu9b
Hedvige,Saway1999,Aiyeedaf8oo
Tabor,Sturry1934,wai8ieY3
Ignace,Goiderearsur,cah2eeM4Yak
Luc,Boxechan,Eich3Uovoo2
Albertine,Yaripped93,thoo5ohD9
Aimée,Sirs1991,ueMieshei3w
Coralie,Thety1959,reimeeJ8ae
Langley,Cands1935,chaeTai8ch
Burkett,Bacte1948,iez9ic4aPhoo
Namo,Rusten76,aeyohth4Thei
Mirabelle,Ginfortiect,sohN7ro9
Brier,Unding,Rae4quooj
Arienne,Reer1951,eiGie0fauwai
Henry,Supor1995,Moh8saichie
Cendrillon,Dengagess,OoChuhoh3
Éric,Proped,fei5Jooho6
Édouard,Tiaralouse00,faVohw1i
Alita,Disated,ohf6ohMah7
Nathalie,Hadval1962,eereeV5kiCh
France,Mosis1976,mee7loh2Ie
Searlait,Deally1944,aivaNohj8sh
Carolos,Feeinesell,tei7moB0
Medoro,Houghle,gei1Ah0ae
Eleanor,Reatele,Sie8Jah0tuPh
Delmar,Onswat,Aefoo4vae9n
Kari,Angatte,IaV8chae
Carolos,Exacks36,hiigh8Eesee
Vivienne,Cationg,Aupou3ree0
Aubrette,Lostelly,UVie2ze2aisie
William,Youlat,Beeven7ka4
Rive,Earmir,so2thou9Aed
Corette,Prowelly,coogaeth1uXee
Albracca,Thasken,ViMe7ile5
Catherine,Idents,weiv2phae8Ee
Fitz,Forkeded,eec3Eugh1ee
Afrodille,Flin1982,aZe9chieTh
Aceline,Routimerend,Mahz3oth
Manon,Suldeaked1964,oobaiHei8
Théodore,Formaded,oph7Aixee
Aimé,Lience,or2peiJ9
Anaïs,Switted65,nee3Muka3
Alexandrin,Rotsmuck,Ohy3Eep4eit
Talbot,Alfic1983,ieW9eis9
Ancelina,Corid1942,oht2Iado6
Jewel,Shoutter,ooceiqu1UL
Vivienne,Mighter,Ix9ain1die
Gay,Comisdazied,EvaW8Ahph9
Byron,Voth1990,aW2hiSuque
Olympia,Ratquently,woh0EiFohy9
Maryse,Trainty81,Rahr0Rivai0l
Noelle,Foremary,Aey3Yaido3
Perrin,Savelys63,ri1Eul8chah
Rule,Mignobt,bi5Tei9A
Melusina,Fromple,hee7aH0Aeb
Noël,Freard,zohS1aetohd
Karel,Suff1965,phie3Ohh6
Sydney,Coleaked74,ushaoQu7ohs
Marshall,Wene1961,eiG2meetoh
Richard,Disated,Oo9ouZahghe
Latimer,Sionecom,lu8oow1Aehae
Fleur,Wherfuld1984,if1Awufai
Stéphanie,Themixer1975,PhaeHe6xae
Luc,Noureciand,Koo3fa0iega2v
Frédéric,Moned1936,Uo2eez5c
Linette,Fewillic,oe9moh9Cae
Yvon,Roorithe,saik3Zie
Romain,Malithe84,lei2aiWie
Tempeste,Prabovers,KoD6Hie6th
Channing,Conifeas,Aevailaiv5
Benjamin,Striandly,iexohy4Oojo
Donatien,Incrat,ogool0Oot
Leone,Litild,Chathi1oe7n
Emmeline,Mirsteve,og6Ug2vaeng
Raison,Poins1951,eicaicaT8
Forrest,Hishostright,ee1co1Ae
Talon,Aginsons58,rahwu4shiPh
Amaury,Sleve1968,oex9Ohp3
Philippine,Suffew82,ooquah2ietoK
Fabrice,Mothasaim1990,Eiguyee5z
Verney,Capsery,Zahth6thee
Clarice,Miliche1962,oNg8ohgh9ph
Sidney,Oureeace,EeheS2eeNg
Yvon,Sover1975,jaiChae2
Damiane,Havesix,een7esooQu
Vallis,Spand1951,Xoom1aegh
Solaine,Hapen1991,Thohl3sai
Avice,Ociple,lahghai3Th
Isabelle,Camileat,ooGhie0g
Warrane,Cambactint,lee7Kooyoch
Nicholas,Proom1953,AeGiGahXai2
Felicienne,Hige1996,xeh2phieZoo
Luc,Yourmight,Itaec1eiCae
Hélène,Doinge,OoZie9Eer
Inès,Twerefy,Eix9tiePeo8ae
Ferragus,Symeave,Rieph4ahw
Robert,Thung1963,ahSh2ivahloo
Marmion,Quie1959,ageiBauH8W
